City,Latitude,Longitude,Hotel Name
ribeira grande,38.52,-28.7,Quinta Das Buganvílias
punta arenas,-53.15,-70.92,Patagonia B&B
wattegama,6.8,81.48,
ushuaia,-54.8,-68.3,Los Cauquenes Resort & Spa
hobart,-42.88,147.33,Hotel Grand Chancellor Hobart
hithadhoo,-0.6,73.08,Pebbles Inn
bandrele,-12.91,45.19,Hôtel Restaurant Sakouli
new norfolk,-42.78,147.06,Old Colony Inn
chuy,-33.7,-53.46,Bertelli Chuí Hotel
lavrentiya,65.58,-171.0,
sergeyevka,53.88,67.42,
mataura,-46.19,168.86,Ellie's Villa
progreso,21.28,-89.67,Playa Linda Hotel
meulaboh,4.14,96.13,Hotel Meuligoe
vaitape,-16.52,-151.75,Oa Oa Lodge
baijiantan,45.63,85.18,
busselton,-33.65,115.33,Broadwater Resort
vaini,-21.2,-175.2,Paradise First Hotel
albany,42.6,-73.97,
richards bay,-28.78,32.04,Splendid Inn Bayshore
lazaro cardenas,17.96,-102.2,Hotel de Casablanca
kavieng,-2.57,150.8,Nusa Island Retreat
esperance,-33.87,121.9,Esperance Seafront Holiday Units
myitkyina,25.38,97.4,Hotel Madira
chokurdakh,70.63,147.92,
cape town,-33.93,18.42,Atlanticview Cape Town Boutique Hotel
thompson,55.74,-97.86,Best Western Thompson Hotel & Suites
bredasdorp,-34.53,20.04,Victoria Hotel - Bredasdorp
buala,-8.14,159.59,
itarema,-2.92,-39.92,Pousada Pura Vida Club Brasil
rikitea,-23.12,-134.97,Pension Maro'i
lebu,-37.62,-73.65,Hotel Plaza Lebu
motygino,58.18,94.76,Gostinitsa Ip Zabirov
kaitangata,-46.28,169.85,
ahipara,-35.17,173.17,Ahipara Bay Motel
aswan,24.09,32.91,Sofitel Legend Old Cataract Aswan
grindavik,63.84,-22.43,Mar Guesthouse
amboasary,-25.03,46.38,DISCOVERY AMBOASARY
provideniya,64.38,-173.3,
fortuna,40.6,-124.16,THE REDWOOD RIVERWALK HOTEL
powell river,49.85,-124.54,Powell River Town Centre Hotel
fairview,40.81,-74.0,Hudson New York
jamestown,42.1,-79.24,Chautauqua Harbor Hotel
carnarvon,-24.87,113.63,Hospitality Carnarvon
east london,-33.02,27.91,Blue Lagoon Hotel
krasnoyarka,55.33,73.12,Kolos
taoudenni,22.68,-3.98,
leningradskiy,69.38,178.42,
sioux lookout,50.1,-91.92,Sunset Inn & Suites
holme,56.11,10.17,Helnan Marselis Hotel
dikson,73.51,80.55,
pauini,-7.71,-66.98,Hotel Shekinah
airai,-8.93,125.41,
hilo,19.73,-155.09,Hilo Hawaiian Hotel
yerbogachen,61.28,108.01,
mar del plata,-38.0,-57.56,Sheraton Mar del Plata Hotel
pevek,69.7,170.31,Munitsipal'naya Gostinitsa
bambous virieux,-20.34,57.76,Laguna Beach Hotel & Spa
bridgetown,13.1,-59.62,Hilton Barbados Resort
nuh,28.12,77.02,
ixtapa,20.7,-105.2,Flamingo Vallarta Hotel & Marina
arraial do cabo,-22.97,-42.03,Hotel da Canoa
san cristobal,7.77,-72.22,Lidotel Hotel Boutique San Cristobal
norman wells,65.28,-126.83,Heritage Hotel
longyearbyen,78.22,15.64,Mary-Ann's Polarrigg
butaritari,3.07,172.79,
deniliquin,-35.53,144.97,Edward River Hotel
avera,33.19,-82.53,
tuktoyaktuk,69.45,-133.04,Hunter's B&B
severo-kurilsk,50.68,156.12,Kak Doma
meaford,44.6,-80.58,Meaford Inn
tiksi,71.69,128.87,Arktika
dondo,-19.61,34.74,HENRIETA CECÍLIA GASKIN
south bend,41.68,-86.25,The Inn at Saint Mary's
qaanaaq,77.48,-69.36,Qaanaaq Hotel
katsuura,35.13,140.3,Katsuura Hilltop Hotel & Residence
clyde river,70.47,-68.59,Naujaaraaluit – Clyde River Hotel
naze,28.37,129.48,Hotel New Amami
yuksekova,37.57,44.29,ELİTE MY GARDEN OTEL
guerrero negro,27.98,-114.06,Hotel Los Caracoles
palani,10.47,77.53,Hotel Sownthariyam
hovd,48.01,91.64,Steppe hotel
victoria,22.29,114.16,The Harbourview
khatanga,71.97,102.5,
kapaa,22.08,-159.32,Sheraton Kauai Resort at Coconut Beach
roverud,60.25,12.05,Kongsvinger Budget Hotel
fort nelson,58.81,-122.7,Lakeview Inns & Suites - Fort Nelson
gat,31.61,34.76,Desert Gat
malanje,-9.54,16.34,Palanca Hotel
sisimiut,66.94,-53.67,Sømandshjemmet
touros,-5.2,-35.46,Bugaendrus Paradise
dwarka,22.24,68.97,Manek SVASTI Inn
koster,-25.86,26.9,Bem-Vindo Lodge
souillac,-20.52,57.52,Shanti Maurice Resort & Spa
hargeysa,9.56,44.06,Ambassador Hotel
broken hill,-31.95,141.43,ibis Styles Broken Hill
atuona,-9.8,-139.03,Simplicité Marquises
chamonix-mont-blanc,45.92,6.87,Heliopic Hotel & Spa
grand gaube,-20.01,57.66,Zilwa Attitude Hotel
umm lajj,25.02,37.27,عروس الشاطئ للوحدات السكنية المفروشة
sao joao da barra,-21.64,-41.05,Pousada Kactus
teguldet,57.31,88.17,Gostinitsa Kedr
upernavik,72.79,-56.15,Café de Upernavik
nikolskoye,59.7,30.79,Tourist House - Sablino
yellowknife,62.46,-114.35,The Explorer Hotel
andradina,-20.9,-51.38,Savana Park Hotel
aklavik,68.22,-135.01,Sundog Inn
lewisporte,49.25,-55.05,Ocean View Bed & Breakfast
torbay,47.67,-52.73,
tazovskiy,67.47,78.7,Hotel Tazovchanka
kansanshi,-12.1,26.43,
srednekolymsk,67.45,153.68,
yabelo,4.88,38.08,Salaam Hotel
morondava,-20.28,44.28,Palissandre Cote Ouest resort & SPA
tasiilaq,65.61,-37.64,Hotel Angmagssalik
lewistown,40.6,-77.57,Quality Inn & Suites
nanortalik,60.14,-45.24,Hotel Kap Farvel
inuvik,68.35,-133.72,Arctic Chalet LTD
bykovo,55.64,38.08,"""Aleksandrova Sloboda"""
tyukhtet,56.54,89.3,
san luis,-33.3,-66.34,Vista Suites Spa & Golf
maceio,-9.67,-35.74,Maceió Mar Hotel
puerto ayora,-0.74,-90.35,Hotel Solymar Galapagos
starogard gdanski,53.96,18.53,Hotel Ren
mantua,45.17,10.78,Best Western Hotel Cristallo
pietersburg,-23.9,29.47,Mavuta Manor
vila velha,-20.33,-40.29,Golden Tulip Porto Vitória
ayorou,14.73,0.92,Hotel Amenokal
valer,60.68,11.83,Heia hotel
flin flon,54.77,-101.86,Prospector Inn
bondo,3.81,23.69,
batemans bay,-35.72,150.18,Corrigans Cove Resort
dingle,11.0,122.67,
yeniseysk,58.45,92.17,Gornitsa
beloha,-25.17,45.05,
geraldton,-28.77,114.6,Ocean Centre Hotel
port-gentil,-0.72,8.78,Jimmy Hotel
georgetown,5.41,100.34,"Eastern & Oriental Hotel, Penang"
benemerito de las americas,16.52,-90.64,"Tres Lagunas, Selva Lacandona"
bluff,-46.6,168.33,Foveaux Hotel
ibotirama,-12.19,-43.22,PLAZA HOTEL
hamilton,39.18,-84.53,Hampton Inn & Suites Cincinnati/Uptown-University Area
talnakh,69.49,88.4,Talnakh Hotel
olga,43.74,135.29,Gostinitsa Rosmorport.
sinnamary,5.38,-52.95,L'oiseau de Paradis
hermanus,-34.42,19.23,7 on Marine
victor harbor,-35.57,138.62,Bluff Resort Apartments
usakos,-22.0,15.6,Hotel Pension Bahnhof
birin,26.89,88.07,
namibe,-15.2,12.15,iu Hotel Namibe
sagua la grande,22.81,-80.08,Hotel Palacio Arenas
cidreira,-30.18,-50.21,Pond Country Club
ambunti,-4.24,142.84,
bonthe,7.53,-12.51,Bonthe Holiday Village
nouadhibou,20.93,-17.03,HOtel Tasiast
jalu,29.03,21.55,Jalu Hotel
riyadh,24.69,46.72,Riyadh Marriott Hotel
honiara,-9.43,159.95,Coral Sea Resort & Casino
dzhida,50.68,106.18,
de aar,-30.65,24.01,De Herberg Lodge
manono,-7.3,27.42,Hotel hewa bora
saint-philippe,-21.36,55.77,Pinpin d'Amour
saint-augustin,51.23,-58.65,
barrow,71.29,-156.79,Top of the World Hotel
tilichiki,60.47,166.1,
makakilo city,21.35,-158.09,Marriott's Ko Olina Beach Club
conde,-7.26,-34.91,
petropavl,54.88,69.16,TELEGRAPH INN
san quintin,30.48,-115.95,Don Eddie's Landing
onguday,50.75,86.15,Altayskiye Dachi
turukhansk,65.82,87.98,"ООО ""Туруханская пушнина"""
sarandi,-23.44,-51.87,Hotel Hiperion Maringá
zhuanghe,39.7,122.99,Liyuan Hotel
esperantina,-3.9,-42.23,Hotel Bela Vista
etoka,43.92,43.05,
aguimes,27.91,-15.45,Villa Nestor
caravelas,-17.71,-39.25,Pousada Liberdade
vestmanna,62.16,-7.17,Budget Guesthouse Borgustova
margate,51.38,1.39,Sands Hotel Margate
polson,47.69,-114.16,Kwataqnuk Resort & Casino
tuatapere,-46.13,167.68,Waiau Hotel
faya,18.39,42.45,
klaksvik,62.23,-6.59,Hotel Klaksvík
dicabisagan,17.08,122.42,
khani,41.96,42.96,Nino village
havre-saint-pierre,50.23,-63.6,Hotel Du Havre
tiznit,29.58,-9.5,
olavarria,-36.89,-60.32,La Josefina Hotel Boutique
ilinskiy,55.62,38.12,Голден Кроун Жуковский
rawson,-43.3,-65.1,Hotel Punta León
springbok,-29.66,17.89,Springbok Inn by Country Hotels
dalmatovo,56.26,62.94,Gostinitsa Dlya Palomnikov
diffa,13.32,12.61,Complexe Hôtelier Du 18 Décembre
kosice,48.67,21.33,The Invisible Hotel — Urban Flashbacks
sao bento,-6.28,-37.75,
sandakan,5.84,118.12,Four Points by Sheraton Sandakan
ilulissat,69.22,-51.1,Hotel Arctic
salamanca,40.83,-6.0,Palacio Carrascalino
porbandar,21.64,69.61,Hotel Kuber
jumla,29.27,82.18,Hotel Kanjirowa
hambantota,6.12,81.12,
kavaratti,10.57,72.64,Bismillah Hotel And Lodging
codrington,-38.27,141.97,Codrington Gardens Bed And Breakfast
fairbanks,64.84,-147.72,Best Western Plus Chena River Lodge
abha,18.22,42.51,Abha Palace Hotel
buncrana,55.13,-7.45,Inishowen Gateway Hotel
lethem,3.38,-59.8,HOTEL TAKUTU
okha,53.57,142.95,Империя
atambua,-9.11,124.89,Hotel Timor
asau,46.43,26.4,Pensiunea Sophia
avarua,-21.21,-159.78,The Edgewater Resort and Spa
sao filipe,14.9,-24.5,Hotel Xaguate
ossora,59.24,163.07,Ossora
egvekinot,66.32,-179.17,
oistins,13.07,-59.53,Turtle Beach By Elegant Hotels
yar-sale,66.83,70.83,"Hotel ""Nord House"""
gonzalez,30.58,-87.29,
princeton,25.54,-80.41,La Quinta Inn & Suites by Wyndham Miami Cutler Bay
bhum,18.47,75.67,Hotel S Park In
lorengau,-2.02,147.27,Seeadler Bay Hotel
san ignacio,17.16,-89.07,Ka'ana Resort And Spa
tateyama,34.98,139.87,花しぶき（満開のおもてなし）
bilma,18.69,12.92,
inhambane,-23.86,35.38,Hotel Casa Do Capitão
la ronge,55.1,-105.28,The Harbour Inn
nuuk,64.18,-51.72,Inuk Hostels
rawlins,41.79,-107.24,Hampton Inn Rawlins
vila franca do campo,37.72,-25.43,A Villa by the Sea
kajiado,-1.85,36.78,Enchula Resort
taltal,-25.4,-70.48,Hotel PIEDRA BLANCA
shangzhi,45.22,127.97,Meijia Jiahua Hotel
pisco,-13.7,-76.22,Hotel San Jorge Residencial
charsadda,34.14,71.73,
weihe,33.0,105.32,
marshall,34.38,-86.33,Wyndham Garden Lake Guntersville
qui nhon,13.77,109.23,Seagull Hotel
talara,-4.58,-81.27,Hotel Gran Palma Talara
donskoye,45.46,41.97,
bubaque,11.28,-15.83,Ponta Anchaca
castro,-24.79,-50.01,Hotel Buganville Express
ust-kuyga,70.02,135.6,
manokwari,-0.87,134.08,Swiss Belhotel Manokwari
huarmey,-10.07,-78.15,Hotel Miramar
saiha,22.48,92.97,Lai Tlang Hotel
saldanha,-33.01,17.94,Fijnbosch Luxury Apartments Jacobsbaai
cherskiy,68.75,161.3,
bengkulu,-3.8,102.27,Mercure Bengkulu
bethel,41.37,-73.41,Hampton Inn Danbury
lompoc,34.64,-120.46,Embassy Suites by Hilton Lompoc Central Coast
half moon bay,37.46,-122.43,"The Ritz-Carlton, Half Moon Bay"
mangai,-4.05,19.53,
neiafu,-18.65,-173.98,Mystic Sands
frontera,26.93,-101.45,Hotel Olímpia
faanui,-16.48,-151.75,InterContinental Bora Bora Resort Thalasso Spa
lagoa,39.05,-27.98,Hotel Ilha Graciosa
otane,-39.88,176.63,Ludlow Farmstay
dubbo,-32.25,148.62,ibis budget Dubbo
kungurtug,50.6,97.52,
cabo san lucas,22.89,-109.91,Welk Resorts Cabo San Lucas
sorland,67.67,12.69,Lofoten Værøy Brygge
triolet,-20.05,57.55,The Ravenala Attitude Hotel
laishevo,55.4,49.55,Gostinitsa Vodoley
khovu-aksy,51.13,93.6,
kieta,-6.22,155.63,
te anau,-45.42,167.72,Lakefront Lodge
lasa,46.62,10.7,Untertelshof
santa maria do para,-1.35,-47.58,Shopping Motel (Adults Only)
tselinnoye,53.08,85.67,Zolotaya Podkova
comodoro rivadavia,-45.87,-67.5,Lucania Palazzo Hotel
olafsvik,64.89,-23.71,Hotel Olafsvik
pangnirtung,66.15,-65.71,Auyuittuq Lodge (Inns North)
huambo,-12.78,15.74,Hotel Ekuikui I
kaputa,-8.47,29.66,Chelelelwa Lode
aliwal north,-30.69,26.71,Kwela Bed & Breakfast
cayenne,4.93,-52.33,Royal Amazonia
ostrovnoy,68.05,39.51,
selenginsk,52.01,106.86,Kafe
saskylakh,71.92,114.08,
qixingtai,30.41,111.89,
alugan,12.22,125.48,Bahay ni Singkit
almeirim,-1.52,-52.58,Hotel almirante
mackay,-21.15,149.2,Coral Cay Resort
necochea,-38.55,-58.74,Hotel Real
taveta,-3.4,37.67,Market View Hotel Taveta
bowen,-20.02,148.23,Whitsunday Sands Resort
santo tomas,14.11,121.14,NDN Grand Hotel
sola,-13.88,167.55,
vitim,59.45,112.56,
narsaq,60.92,-46.05,Hotel Narsaq
griffith,41.53,-87.42,Hampton Inn & Suites Hammond
pachino,36.72,15.09,B&B Torrefano
san isidro,-12.12,-77.05,Hotel Santa Cruz
port alfred,-33.59,26.89,The Halyards Hotel
hongjiang,27.11,110.0,Wulingcheng Hotel
sabzevar,36.21,57.68,Sabzevar Tourism hotel
romodanovo,54.43,45.33,Romodanovo Saransk Apartment
ponta do sol,32.67,-17.1,Hotel Da Vila
leshukonskoye,64.9,45.76,Gostinitsa Mup Zhkkh
tecoanapa,16.52,-98.75,Hotel Garapacho
khorixas,-20.37,14.97,iGowati Lodge
bandarbeyla,9.49,50.81,REER XOOSHLE GROUP
mabaruma,8.2,-59.78,
camopi,3.17,-52.32,
iqaluit,63.75,-68.51,Frobisher Inn
kidal,18.44,1.41,
san patricio,19.22,-104.7,Hotel Trivento
demyansk,57.64,32.47,Gostevoy Dom Demyansk
ambon,-3.7,128.18,Hotel Santika Premiere Ambon
bageshwar,29.85,79.77,Hotel Narendra Palace
wilhelmsburg,48.11,15.61,Schloss Klafterbrunn
palmer,42.16,-72.33,The Trainmaster's Inn
nara,34.69,135.8,Super Hotel Lohas JR Nara Eki
yanji,42.91,129.51,Happy Palace Hotel
skarnes,60.25,11.68,Slobrua Gjestegård
obregon,11.96,-85.96,Hotel La Polvora
santa maria,-29.68,-53.81,Hotel Appel
mariestad,58.71,13.82,Mariestads Stadshotell
port elizabeth,-33.92,25.57,Millbury Guesthouse
gerash,27.67,54.14,Chelpasin
zagreb,45.81,15.98,Esplanade Zagreb Hotel
bundaberg,-24.85,152.35,Young Australian Hotel & Function Centre
sitka,57.05,-135.33,Aspen Suites Hotel Sitka
qaqortoq,60.72,-46.03,Hotel Qaqortoq
sibolga,1.74,98.78,Prima Indah Hotel
staryy nadym,65.61,72.68,
hecun,36.53,114.11,
kodiak,57.79,-152.41,Shelikof Lodge
skjervoy,70.03,20.97,Hotel Maritim Skjervøy AS
pontal do parana,-25.65,-48.51,Hotel Pousada Mineirinho
muscat,23.61,58.59,OYO 119 Jasmine Hotel Apartments
bar harbor,44.39,-68.2,Atlantic Oceanside Hotel & Event Center
san ramon,37.78,-121.98,Hyatt House San Ramon
normandin,48.83,-72.53,Gîtes Makadan (Les)
linjiang,41.81,126.91,GreenTree Inn
husavik,66.04,-17.34,Arbol
ecclefechan,55.06,-3.27,Cressfield Country House Hotel
natal,-5.79,-35.21,eSuites Vila do Mar
saint-georges,12.06,-61.75,Laluna Boutique Beach Hotel and Villas
mahebourg,-20.41,57.7,Preskil Island Resort
soe,-9.86,124.28,Dena Hotel
darnah,32.77,22.64,Mountain Hotel
garissa,-0.45,39.64,Hiddig Hotel
oriximina,-1.77,-55.87,Hotel Mapuera
sorong,-0.88,131.25,Swiss-Belhotel Sorong
siparia,10.13,-61.5,
aitape,-3.14,142.35,
redmond,47.67,-122.12,Archer Hotel Redmond
champerico,14.3,-91.92,"Hotel y restaurante ""El Diamante"""
goderich,43.75,-81.72,Samuels Hotel
mwinilunga,-11.74,24.43,Adayi Lodge
seoul,37.57,126.98,RAMADA ENCORE BY WYNDHAM SEOUL DONGDAEMUN
mogzon,51.74,111.96,
hohhot,40.81,111.65,"Shangri-La Hotel, Hohhot"
awjilah,29.11,21.29,
swan hill,-35.34,143.55,Best Western Burke and Wills Motor Inn
tahe,52.33,124.73,诚信商务酒店
bosaso,11.28,49.18,Gacayte Hotel
careiro da varzea,-3.2,-59.81,
oussouye,12.48,-16.55,Hotel Carabane
flinders,-34.58,150.86,Shellharbour Resort & Conference Centre
westport,41.14,-73.36,Hilton Garden Inn Norwalk
micheweni,-4.97,39.83,
thinadhoo,0.53,72.93,
newport,51.59,-3.0,The Celtic Manor Resort
iguape,-24.71,-47.56,Holy Drop Skate House
campbellsville,37.34,-85.34,Holiday Inn Express Campbellsville
muyezerskiy,63.93,31.65,
cairns,-16.92,145.77,"Shangri-La Hotel, The Marina, Cairns"
mayo,38.89,-76.51,
chekhov,55.14,37.47,Every day Holiday
lieksa,63.32,30.02,Hotelli Puustelli
opuwo,-18.06,13.84,Opuwo Country Lodge
turbat,26.0,63.04,Shapur Hotel
poum,-20.23,164.02,
maniitsoq,65.42,-52.9,Hotel Maniitsoq
kruisfontein,-34.0,24.73,
yendi,9.44,-0.01,Madina white house hotel
zhigansk,66.77,123.37,
road town,18.42,-64.62,Sea View Hotel
balakhta,55.38,91.6,
mildura,-34.2,142.15,Quality Hotel Mildura Grand
kachug,53.96,105.88,Три Сосны Гостинница
san rafael,-34.62,-68.33,Azalea Luxury Lodge
lincoln,40.8,-96.67,Hilton Garden Inn Lincoln Downtown/Haymarket
wakema,16.6,95.18,AungKaDay Hotel
marienburg,54.04,19.03,Hotel Grot
el vigia,8.62,-71.65,Bari Hotel
poladpur,17.98,73.47,
buraydah,26.33,43.98,Mövenpick Hotel Qassim
vardo,70.37,31.11,Meieriet Restaurant
dayong,25.02,118.29,Yongchang Hotel
almaznyy,48.04,40.05,Gostinitsa Zverevo
chernyshevskiy,63.01,112.47,
pshekhskaya,44.7,39.8,Inn Gostinnyi Dvor
capanema,-1.2,-47.18,Hotel Legal
cicevac,43.72,21.44,Aleksandar
bambanglipuro,-7.95,110.28,Puri Brata
znamenskoye,57.13,73.83,
winnemucca,40.97,-117.74,Best Western Plus Gold Country Inn
escarcega,18.61,-90.75,Hotel Tutul Ha
amuntai,-2.42,115.25,Minosa Resort Hotel
kargasok,59.06,80.86,Gostinitsa Grenada
yatou,37.15,122.38,Jinyue International Hotel
xichang,27.9,102.26,Xichang Minshan Hotel
ahuimanu,21.44,-157.84,Paradise Bay Resort
tooele,40.53,-112.3,Holiday Inn Express & Suites Tooele
yeppoon,-23.13,150.73,Oshen Apartments Yeppoon
senno,59.53,33.92,
adrar,20.5,-10.07,
puerto del rosario,28.5,-13.86,Hotel El Mirador
yenagoa,4.92,6.26,Aridolf Resort Wellness and Spa
visavadar,21.38,70.68,
haines junction,60.75,-137.51,Kluane Park Inn
cape coast,5.11,-1.25,Balance sheet hotel
zachepylivka,49.19,35.24,
buenaventura,3.88,-77.03,Plazamar Hotel Boutique
shingu,33.73,135.98,Gran Hotel
pilot butte,50.47,-104.42,Ramada by Wyndham Emerald Park/Regina East
la baule-escoublac,47.29,-2.36,Hôtel Mercure La Baule Majestic
coxim,-18.51,-54.76,Hotel Pintado Azul
amapa,1.0,-52.0,
shediac,46.22,-64.54,Maison Tait House Restaurant
dhidhdhoo,6.88,73.1,
saint george,37.1,-113.58,Red Lion Hotel & Conference Center St. George
sur,22.57,59.53,Sur Grand Hotel
constitucion,-35.33,-72.42,Bed & Breakfast Sweet Dreams
kermanshah,34.31,47.06,Kourosh Hotel
sarakhs,36.54,61.16,Doosti Hotel
pak phanang,8.35,100.2,ตะลุมพุก ซีฟู้ด แอนด์ รีสอร์ท
chapais,49.78,-74.85,Hôtel Opémiska
biskamzha,53.45,89.53,
ergani,38.27,39.76,Ak-El Lokatasi Ciğer Salonu Otel Ve Pansiyon
nome,64.5,-165.41,Aurora Inn & Suites
kahului,20.89,-156.47,Maui Beach Hotel
hualmay,-11.1,-77.61,La Posada De Santa Maria
palu,-0.89,119.87,Swiss-Belhotel Palu
tura,25.52,90.22,Hotel Polo Orchid
miandrivazo,-19.52,45.47,Baobab
mae sai,20.43,99.88,The Royal House
rajgarh,28.63,75.38,Vinay Plaza Hotel
port blair,11.67,92.75,Sinclairs Bayview Port Blair
eyl,7.98,49.82,Amiin Hotel
henties bay,-22.12,14.28,Huis Klipdrift
lubao,14.92,120.55,Pradera Verde
dukat,62.55,155.55,
salalah,17.02,54.09,Salalah Gardens Hotel
mongu,-15.25,23.13,Acamms Gardens Lodge Mongu
alofi,-19.06,-169.92,Taloa Heights
am timan,11.03,20.28,
port augusta,-32.5,137.77,Comfort Inn & Suites Augusta Westside
bandundu,-3.32,17.37,Hôtel Bondo
tucuman,-26.82,-65.22,Sheraton Tucuman Hotel
barahona,18.21,-71.1,Hotel Caribe
ibra,22.69,58.53,تفضل بيت ضيافة Geust house tafadal
arona,28.1,-16.68,H10 Las Palmeras
north bend,43.41,-124.22,Best Western Holiday Hotel
jutai,-5.18,-68.9,
port hardy,50.7,-127.42,Glen Lyon Inn
mulchen,-37.72,-72.23,Hotel Mulchén
zemio,5.03,25.14,
lexington,37.99,-84.48,DoubleTree Suites by Hilton Hotel Lexington
aykhal,66.0,111.5,
korla,41.76,86.15,Loulan Hotel
montreal,45.51,-73.59,Best Western Plus Montreal Downtown-Hotel Europa
abu samrah,35.3,37.18,
stornoway,58.21,-6.39,Royal Hotel
arman,59.7,150.17,
hasaki,35.73,140.83,Inubosaki Kanko Hotel
kuytun,54.34,101.5,Zhemchug
kamaishi,39.27,141.88,Hotel Folkloro Sanriku Kamaishi
kribi,2.95,9.92,Hôtel SAMAKI Plage
kulhudhuffushi,6.62,73.07,Hondaafushi Island Resort
aksu,41.12,80.26,Pudong Holiday Hotel
gazojak,41.19,61.4,
antsohihy,-14.88,47.99,Hotel Belle Vue
padang,-0.95,100.35,Mercure Padang
doha,25.29,51.53,Safir Hotel Doha
barguzin,53.62,109.62,"Gostevoy Dom S.barguzin ""Vizit"""
luderitz,-26.65,15.16,Kairos Cottage
imbituba,-28.24,-48.67,Praia Hotel Imbituba
coquimbo,-29.95,-71.34,Apart Hotel Cabaña
okhotsk,59.38,143.3,
taksimo,56.34,114.88,"Gostinitsa ""Viktoriya"""
ambilobe,-13.2,49.05,Hotel National
puerto baquerizo moreno,-0.9,-89.6,Chatham
sao jose de ribamar,-2.56,-44.05,Mediterrânea Hotel e Restaurante
ust-kulom,61.69,53.69,
raichur,16.2,77.37,Hotel Santoshi Sarovar
denpasar,-8.65,115.22,Quest Hotel San Denpasar
mbanza-ngungu,-5.25,14.87,Hotel Les Cascades
duku,11.24,4.91,
bintulu,3.17,113.03,GoldenBay Hotel Bintulu
hofn,64.25,-15.21,Milk Factory
cleburne,32.35,-97.39,Hampton Inn & Suites Cleburne
mehnagar,25.88,83.12,
cabedelo,-6.98,-34.83,Hotel Almagre
byron bay,-28.65,153.62,Bayhaven Lodge
skhisma,35.27,25.72,"Blue Palace, a Luxury Collection Resort and Spa, Crete"
horta,38.53,-28.63,Faial Resort Hotel
lagos,6.58,3.75,
tondi,9.73,79.02,BALAJI HOTEL
romny,50.75,33.47,ОРХІДЕЯ
salaga,8.55,-0.52,Maridon Lodge
roma,43.21,-75.46,Wingate By Wyndham Rome
belle glade,26.68,-80.67,Horizon Inn & Suites
drexel heights,32.14,-111.03,
sikeston,36.88,-89.59,Holiday Inn Express & Suites Sikeston
merrill,45.18,-89.68,"AmericInn by Wyndham, Merrill"
kaeo,-35.1,173.78,
mount isa,-20.73,139.5,Abacus Motel
goundam,16.41,-3.67,
zhanakorgan,43.91,67.25,Sanatoriy Toktamys
saint-gaudens,43.08,0.67,Hôtel Restaurant La Casera
howard springs,-12.5,131.05,BIG4 Howard Springs Holiday Park
port lincoln,-34.73,135.87,Port Lincoln Hotel
oituz,46.2,26.62,Casa Salcia Oituz
la rioja,42.25,-2.5,Molino del Corregidor
conceicao do araguaia,-8.26,-49.26,Tarumã Tropical Hotel
college,64.86,-147.8,Best Western Plus Chena River Lodge
sampit,-2.53,112.95,Grand Hotel Sampit
hervey bay,-25.3,152.85,Oaks Hervey Bay Resort and Spa
saint-pierre,-21.34,55.48,Le Battant Des Lames
chabahar,25.29,60.64,Lipar Hotel
nemuro,43.32,145.57,Hotel Nemuro Kaiyoutei
puerto colombia,10.99,-74.95,Hotel Pradomar
uyuni,-20.46,-66.83,SALCAY HOTEL
nsanje,-16.92,35.26,Shumba Lodge
deputatskiy,69.3,139.9,
rocha,-34.48,-54.33,Casa Rodo 53
bathsheba,13.22,-59.52,Rest Haven Beach Cottages
loughton,52.03,-0.79,DoubleTree by Hilton Hotel Milton Keynes
karasuk,53.74,78.04,Mini-Hotel Persona
mamallapuram,12.63,80.17,"Welcomhotel Kences Palm Beach, Mahabalipuram"
orotukan,62.27,151.7,
port hedland,-20.32,118.57,ibis Styles Port Hedland
tessalit,20.2,1.01,
ancud,-41.87,-73.82,Panamericana Hotel Ancud
dunedin,-45.87,170.5,Distinction Dunedin Hotel
shemordan,56.19,50.4,"Gostinitsa ""Chulpan"""
yichun,47.7,128.9,Chengmao Guojin Hotel
freire,-38.95,-72.63,Hospedaje QUIMEY RUCA
rena,61.13,11.36,Trudvang Apartment Hotel
marovoay,-16.1,46.63,Marovoay
benicarlo,40.42,0.43,Hotel & Spa Peñíscola Plaza Suites
basavana bagevadi,16.58,75.97,
sabang,5.89,95.32,Freddies Santai Sumurtiga
bar-le-duc,48.75,5.17,La renaissance
latung,5.5,120.88,
jiaojiang,28.68,121.44,Hilton Taizhou
berlevag,70.86,29.09,Berlevåg camping & Appartement AS
gomel,52.43,30.98,Paradise Hotel
hof,50.32,11.92,Hotel Falter Hof
kalaleh,37.38,55.49,
chicama,-7.84,-79.15,Balihai Bungalows
kitob,39.08,66.83,Hotel Kesh Palace
barra do corda,-5.5,-45.25,Hotel Diniz
humaita,-7.51,-63.02,Hotel Pousada Paraíso
cafarnaum,-11.69,-41.47,Pousada avenida
isangel,-19.55,169.27,Tanna Ikamir Bungalows and Accommodation
broome,42.25,-75.83,
panguna,-6.32,155.48,
santa isabel do rio negro,-0.41,-65.02,Hotel Ayuana
paamiut,61.99,-49.67,Yeet Hotel
cockburn town,21.46,-71.14,Bohio Dive Resort
coihaique,-45.58,-72.07,Patagonia House
rio grande,-32.03,-52.1,Hotel Atlântico Rio Grande
baoning,25.34,110.03,
hoa binh,20.81,105.34,Grand Hotel - Diamond Palace
gejiu,23.31,103.16,Jintai Hotel
mehamn,71.04,27.85,Mehamn Arctic Hotel AS
mogadishu,2.04,45.34,Dolphin Hotel
alice springs,-23.7,133.88,DoubleTree by Hilton Hotel Alice Springs
hegang,47.4,130.37,
vao,-22.67,167.48,OURE TERA beach resort
